INSERT INTO public.uloga (id_uloga,naziv) VALUES
	(2,'ROLE_ADMIN'),
	 (1,'ROLE_USER');
	 
INSERT INTO public.lokacija (id_lokacija,duljina,sirina,drzava,naselje,adresa) VALUES
	 (1,17.17239500000000,45.70221200000000,'Croatia','Grubišno Polje','M. A. Relkovića 19A'),
	 (2,18.01160800000000,45.16314300000000,'Croatia','Slavonski Brod','blabla 123'),
	 (3,15.98191900000000,45.81501100000000,'Croatia','Zagreb','blabla 12321'),
	 (4,18.40978200000000,45.30999700000000,'Croatia','Đakovo','Đakovačka 123'),
	 (5,16.09097100000000,45.33826200000000,'Croatia','Glina','Glinska 12345'),
	 (6,16.44019400000000,43.50813200000000,'Croatia','Split','Splitska 145');
	 
INSERT INTO public.korisnik (id_korisnik,ime,prezime,lozinka,email,aktivan,token,slika,id_lokacija) VALUES
	 (3,'Jan','Roček','$2a$11$/.neaTA/gPK.xvyRdBpb0eDB5mIHSfHMZIxGMsUgpFmNFWfGaoaue','jan.rocek@gmail.com',true,NULL,NULL,1),
	 (7,'Iva','Bokšić','$2a$11$i.2gt0JhUkiVdDUr40u3xen3TEVA90zRwomFQkx19k338/zu5It9O','iva.boksic@gmail.com',true,NULL,NULL,2),
	 (8,'Ivan','Jakas','$2a$11$8iGMwdQMAO4u7v4tWAon3.fxVQZaVWJaNQE6gAaRv6RAWSrYBoMRy','ivan.jakas@gmail.com',true,NULL,NULL,3),
	 (9,'Dominik','Ćurić','$2a$11$NqC8EZQX4MGbbc6H.HtJ9u/..PJ0Q3nla0EdTXORbERZAVMO3i9vO','dominik.curic@gmail.com',true,NULL,NULL,4),
	 (10,'Robert','Đaković','$2a$11$55SzYYOz7k8mcE2Zw2dM.OXPIIEzhEao2hHoRVM2WNaT03wAc9WSG','robert.dakovic@gmail.com',true,NULL,NULL,5),
	 (11,'Marija','Oreč','$2a$11$NhAxTzySeh1.VRCKpi0gvutXaw4jPNsafYbUvM8xfpjcPvaPAcMMG','marija.orec@gmail.com',true,NULL,NULL,6),
	 (12,'Matea','Lipovac','$2a$11$xFpccfd7N0ZsQqrWBJd6Puh9Mns00tHduP.CNXQBn1go.3c1uUN66','matea.lipovac@gmail.com',true,NULL,NULL,3),
	 (13,'Alen','Bažant','$2a$11$j78gL2GshaiAvv.5diRwiOVQOxLMCXnGbPP0gv5qjdYnyE0As5hDu','alen.bazant@gmail.com',true,NULL,NULL,1);
	 
INSERT INTO public.imaulogu (id_korisnik,id_uloga) VALUES
	 (13,1),
	 (3,1),
	 (3,2),
	 (7,1),
	 (8,1),
	 (9,1),
	 (10,1),
	 (11,1),
	 (12,1);
	 
INSERT INTO public.zahtjev (id_zahtjev,opis,tstmp,status,brojmobitela,id_lokacija,id_autor,id_izvrsitelj,primljenanotif,exectstmp) values 
(1,'Aut non reiciendis minima minus non aut facilis', '2021-04-03 10:08:02', 'ACTIVE', '0981904779', 6, 8, null, false, null),
(2,'Perferendis totam consequatur atque a recusandae omnis sunt delectus eos.','2021-04-03 10:08:02','ACTIVE','0981909999',5,8,null, FALSE, null),
(3,'Omnis cupiditate repellendus nostrum.','2021-04-03 10:08:02','ACTIVE','0981909999',4,8,null, FALSE, null),
(4,'Provident quidem tempore vel quis.','2021-04-03 10:08:02','ACTIVE','0981909999',3,8,null, FALSE, null),
(5,'Minus ut qui quis enim necessitatibus autem et animi.','2021-04-03 10:08:02','ACTIVE','0981909999',2,8,null, FALSE, null),
(6,'Aliquam optio est totam.','2021-04-03 10:08:02','ACTIVE','0981909999',1,8,null, FALSE, null),
(8,'Voluptatibus suscipit sint.','2021-04-03 10:08:02','ACTIVE','0981902222',1,11,null, FALSE, null),
(9,'Natus veniam deleniti sed deserunt commodi et.','2021-04-03 10:08:02','ACTIVE','0981902222',2,11,null, FALSE, null),
(10,'Suscipit est sint.','2021-04-03 10:08:02','ACTIVE','0981902222',3,11,null, FALSE, null),
(11,'Optio nihil magnam.','2021-04-03 10:08:02','ACTIVE','0981902222',4,11,null, FALSE, null),
(12,'Dolore occaecati sit rem quia.','2021-04-03 10:08:02','ACTIVE','0981902222',5,11,null, FALSE, null),
(13,'Aperiam ut dolor.','2021-04-03 10:08:02','ACTIVE','0981902222',6,11,null, FALSE, null),
(14,'Doloribus ut molestias aspernatur accusantium.','2021-04-03 10:08:02','ACTIVE','0981902222',6,7,null, FALSE, null),
(16,'Sequi dolore aperiam voluptatem exercitationem qui.','2021-04-03 10:08:02','ACTIVE','0981903333',5,7,null, FALSE, null),
(17,'A molestiae velit.','2021-04-03 10:08:02','ACTIVE','0981903333',4,7,null, FALSE, null),
(18,'Excepturi est ex animi vel repudiandae ut.','2021-04-03 10:08:02','ACTIVE','0981903333',3,7,null, FALSE, null),
(19,'In illo non.','2021-04-03 10:08:02','ACTIVE','0981903333',2,7,null, FALSE, null),
(20,'Consequatur quam odio voluptatem.','2021-04-03 10:08:02','ACTIVE','0981903333',1,7,null, FALSE, null),
(21,'Ipsa sit animi consectetur necessitatibus recusandae aut autem iste alias.','2021-04-03 10:08:02','ACTIVE','0981903333',1,3,null, FALSE, null),
(22,'Aut tempore vitae et molestias quis expedita ut repellendus.','2021-04-03 10:08:02','ACTIVE','0981903333',2,3,null, FALSE, null),
(23,'Quia consequuntur iusto aspernatur illo voluptatem quia.','2021-04-03 10:08:02','ACTIVE','0981903333',3,3,null, FALSE, null),
(24,'Cumque qui ut.','2021-04-03 10:08:02','ACTIVE','0981903333',4,3,null, FALSE, null),
(25,'Eaque ipsa eaque.','2021-04-03 10:08:02','ACTIVE','0981903333',5,3,null, FALSE, null),
(26,'Soluta voluptatem quo qui deserunt ut rerum.','2021-04-03 10:08:02','ACTIVE','0981903333',6,3,null, FALSE, null),
(27,'Eos libero non aliquid excepturi sunt.','2021-04-03 10:08:02','ACTIVE','0981903333',6,9,null, FALSE, null),
(28,'Quasi ut eos est aut vero minima et sint sapiente.','2021-04-03 10:08:02','ACTIVE','0981903333',5,9,null, FALSE, null),
(29,'Recusandae ad temporibus consequatur.','2021-04-03 10:08:02','ACTIVE','0981903333',4,9,null, FALSE, null),
(30,'Sit quos error repellendus repellendus.','2021-04-03 10:08:02','ACTIVE','0981903333',3,9,null, FALSE, null),
(31,'Ad aut unde aut dignissimos.','2021-04-03 10:08:02','ACTIVE','0981903333',2,9,null, FALSE, null),
(32,'Occaecati maxime voluptas eveniet voluptatem explicabo sapiente perferendis.','2021-04-03 10:08:02','ACTIVE','0981903333',1,9,null, FALSE, null),
(33,'Excepturi non eligendi aut animi sunt eius at.','2021-04-03 10:08:02','ACTIVE','0981903333',1,12,null, FALSE, null),
(34,'Optio optio eius soluta ullam.','2021-04-03 10:08:02','ACTIVE','0981903333',2,12,null, FALSE, null),
(35,'Ipsa et est.','2021-04-03 10:08:02','ACTIVE','0981903333',3,12,null, FALSE, null),
(36,'Aut nihil rerum saepe eum dignissimos.','2021-04-03 10:08:02','ACTIVE','0981903333',4,12,null, FALSE, null),
(37,'Cumque distinctio quibusdam accusamus nam atque et cumque ut.','2021-04-03 10:08:02','ACTIVE','0981903333',5,12,null, FALSE, null),
(38,'Maxime quis deleniti eum quam quis consequatur.','2021-04-03 10:08:02','ACTIVE','0981903333',6,12,null, FALSE, null),
(39,'A voluptatum impedit voluptas maiores asperiores quo.','2021-04-03 10:08:02','ACTIVE','0981903333',6,10,null, FALSE, null),
(40,'Quod molestiae ipsam nemo id molestiae.','2021-04-03 10:08:02','ACTIVE','0981903333',5,10,null, FALSE, null),
(41,'Debitis quidem et voluptatem repellat laudantium ab molestiae.','2021-04-03 10:08:02','ACTIVE','0981903333',4,10,null, FALSE, null),
(42,'Facilis officiis esse natus soluta consequatur voluptatem quam.','2021-04-03 10:08:02','ACTIVE','0981903333',3,10,null, FALSE, null),
(43,'Est possimus ea deleniti porro amet qui doloremque.','2021-04-03 10:08:02','ACTIVE','0981903333',2,10,null, FALSE, null),
(44,'Possimus quos dolores quia qui consequatur.','2021-04-03 10:08:02','ACTIVE','0981903333',1,10,null, FALSE ,null);
